{
  "timestamp": "2026-04-30T14:33:18",
  "training_loss": 307614.9720362173,
  "validation_loss": 782981.3003607524,
  "training_accuracy": 0.0,
  "validation_accuracy": 0.0,
  "feature_importance": {
    "fair_value": 0.11684269038354642,
    "mid": 0.23046136742634796,
    "mispricing": 0.21089494163424125,
    "delta": 0.009783212896053363,
    "gamma": 0.0735964424680378,
    "vega": 0.02668148971650917,
    "theta": 0.05236242356864925,
    "rho": 0.006114508060033352,
    "early_exercise_premium": 0.0,
    "moneyness": 0.012006670372429128,
    "days_to_expiry": 0.0,
    "bid_ask_spread_pct": 0.17632017787659812,
    "open_interest": 0.0,
    "daily_volume": 0.0,
    "iv_rank": 0.0849360755975542
  },
  "roc_auc": 1.0,
  "precision": 1.0,
  "recall": 1.0,
  "f1_score": 1.0,
  "sharpe_ratio": 0.0,
  "max_drawdown": 0.0,
  "total_return": 0.0,
  "hit_rate": 0.0,
  "trading_samples": 256,
  "train_samples": 205,
  "val_samples": 51,
  "epochs": 300,
  "training_time": 1.549486899999465,
  "backend": "lightgbm"
}