{
  "timestamp": "2026-05-04T10:57:41",
  "training_loss": 0.0,
  "validation_loss": 0.002294739208157847,
  "training_accuracy": 0.0,
  "validation_accuracy": 0.0,
  "feature_importance": {
    "delta": 0.10897435897435898,
    "gamma": 0.03668091168091168,
    "vega": 0.028133903133903133,
    "theta": 0.050213675213675216,
    "moneyness": 0.009259259259259259,
    "days_to_expiry": 0.0,
    "bid_ask_spread_pct": 0.2905982905982906,
    "u_ret_1d": 0.08333333333333333,
    "u_ret_5d": 0.02492877492877493,
    "u_ret_20d": 0.0,
    "u_dist_ema_20": 0.033831908831908834,
    "iv": 0.3162393162393162,
    "iv_rank": 0.017806267806267807,
    "u_rv_20d": 0.0,
    "iv_premium": 0.0,
    "iv_skew": 0.0,
    "iv_ts_slope": 0.0
  },
  "roc_auc": 0.7677469135802469,
  "precision": 0.7354497354497354,
  "recall": 0.8888888888888888,
  "f1_score": 0.7840909090909092,
  "sharpe_ratio": 4.9823,
  "max_drawdown": -7.2744,
  "total_return": 0.2728,
  "hit_rate": 0.5625,
  "trading_samples": 150,
  "train_samples": 0,
  "val_samples": 0,
  "epochs": 0,
  "training_time": 0.0,
  "backend": "lightgbm"
}