{
  "backend": "lightgbm",
  "features": [
    "delta",
    "gamma",
    "vega",
    "theta",
    "moneyness",
    "days_to_expiry",
    "bid_ask_spread_pct",
    "u_ret_1d",
    "u_ret_5d",
    "u_ret_20d",
    "u_dist_ema_20",
    "iv",
    "iv_rank",
    "u_rv_20d",
    "iv_premium",
    "iv_skew",
    "iv_ts_slope"
  ],
  "metrics": {
    "backend": "lightgbm",
    "features": [
      "delta",
      "gamma",
      "vega",
      "theta",
      "moneyness",
      "days_to_expiry",
      "bid_ask_spread_pct",
      "u_ret_1d",
      "u_ret_5d",
      "u_ret_20d",
      "u_dist_ema_20",
      "iv",
      "iv_rank",
      "u_rv_20d",
      "iv_premium",
      "iv_skew",
      "iv_ts_slope"
    ],
    "training_loss": 0.0,
    "validation_loss": 0.002294739208157847,
    "precision": 0.7354497354497354,
    "recall": 0.8888888888888888,
    "f1_score": 0.7840909090909092,
    "roc_auc": 0.7677469135802469,
    "ic": 0.5442666666666667,
    "rank_ic": 0.4997,
    "feature_importance": {
      "delta": 0.10897435897435898,
      "gamma": 0.03668091168091168,
      "vega": 0.028133903133903133,
      "theta": 0.050213675213675216,
      "moneyness": 0.009259259259259259,
      "days_to_expiry": 0.0,
      "bid_ask_spread_pct": 0.2905982905982906,
      "u_ret_1d": 0.08333333333333333,
      "u_ret_5d": 0.02492877492877493,
      "u_ret_20d": 0.0,
      "u_dist_ema_20": 0.033831908831908834,
      "iv": 0.3162393162393162,
      "iv_rank": 0.017806267806267807,
      "u_rv_20d": 0.0,
      "iv_premium": 0.0,
      "iv_skew": 0.0,
      "iv_ts_slope": 0.0
    },
    "trading_samples": 150
  }
}